month,year,month_num,modis,viirs
2002-07,2002,7,0,
2002-08,2002,8,0,
2002-09,2002,9,0,
2002-10,2002,10,0,
2002-11,2002,11,0,
2002-12,2002,12,3,
2003-01,2003,1,1,
2003-02,2003,2,8,
2003-03,2003,3,1018,
2003-04,2003,4,1475,
2003-05,2003,5,3,
2003-06,2003,6,0,
2003-07,2003,7,0,
2003-08,2003,8,0,
2003-09,2003,9,0,
2003-10,2003,10,0,
2003-11,2003,11,0,
2003-12,2003,12,1,
2004-01,2004,1,2,
2004-02,2004,2,9,
2004-03,2004,3,1920,
2004-04,2004,4,480,
2004-05,2004,5,22,
2004-06,2004,6,0,
2004-07,2004,7,0,
2004-08,2004,8,0,
2004-09,2004,9,0,
2004-10,2004,10,0,
2004-11,2004,11,3,
2004-12,2004,12,3,
2005-01,2005,1,1,
2005-02,2005,2,15,
2005-03,2005,3,693,
2005-04,2005,4,2373,
2005-05,2005,5,2,
2005-06,2005,6,0,
2005-07,2005,7,0,
2005-08,2005,8,0,
2005-09,2005,9,0,
2005-10,2005,10,0,
2005-11,2005,11,1,
2005-12,2005,12,1,
2006-01,2006,1,6,
2006-02,2006,2,6,
2006-03,2006,3,1773,
2006-04,2006,4,982,
2006-05,2006,5,4,
2006-06,2006,6,0,
2006-07,2006,7,0,
2006-08,2006,8,0,
2006-09,2006,9,0,
2006-10,2006,10,0,
2006-11,2006,11,1,
2006-12,2006,12,4,
2007-01,2007,1,0,
2007-02,2007,2,17,
2007-03,2007,3,829,
2007-04,2007,4,2359,
2007-05,2007,5,60,
2007-06,2007,6,0,
2007-07,2007,7,0,
2007-08,2007,8,0,
2007-09,2007,9,0,
2007-10,2007,10,0,
2007-11,2007,11,0,
2007-12,2007,12,0,
2008-01,2008,1,0,
2008-02,2008,2,2,
2008-03,2008,3,941,
2008-04,2008,4,1469,
2008-05,2008,5,9,
2008-06,2008,6,0,
2008-07,2008,7,0,
2008-08,2008,8,0,
2008-09,2008,9,0,
2008-10,2008,10,0,
2008-11,2008,11,0,
2008-12,2008,12,0,
2009-01,2009,1,4,
2009-02,2009,2,10,
2009-03,2009,3,1334,
2009-04,2009,4,1525,
2009-05,2009,5,13,
2009-06,2009,6,0,
2009-07,2009,7,0,
2009-08,2009,8,0,
2009-09,2009,9,0,
2009-10,2009,10,0,
2009-11,2009,11,0,
2009-12,2009,12,1,
2010-01,2010,1,1,
2010-02,2010,2,8,
2010-03,2010,3,697,
2010-04,2010,4,1387,
2010-05,2010,5,11,
2010-06,2010,6,0,
2010-07,2010,7,0,
2010-08,2010,8,0,
2010-09,2010,9,0,
2010-10,2010,10,0,
2010-11,2010,11,0,
2010-12,2010,12,0,
2011-01,2011,1,2,
2011-02,2011,2,13,
2011-03,2011,3,370,
2011-04,2011,4,1726,
2011-05,2011,5,7,
2011-06,2011,6,0,
2011-07,2011,7,0,
2011-08,2011,8,0,
2011-09,2011,9,0,
2011-10,2011,10,0,
2011-11,2011,11,2,
2011-12,2011,12,4,
2012-01,2012,1,5,32.0
2012-02,2012,2,31,226.0
2012-03,2012,3,2018,5426.0
2012-04,2012,4,701,2507.0
2012-05,2012,5,3,38.0
2012-06,2012,6,0,0.0
2012-07,2012,7,0,1.0
2012-08,2012,8,0,0.0
2012-09,2012,9,0,0.0
2012-10,2012,10,1,2.0
2012-11,2012,11,0,0.0
2012-12,2012,12,1,9.0
2013-01,2013,1,8,22.0
2013-02,2013,2,14,87.0
2013-03,2013,3,1300,4811.0
2013-04,2013,4,993,3872.0
2013-05,2013,5,9,30.0
2013-06,2013,6,0,2.0
2013-07,2013,7,0,0.0
2013-08,2013,8,0,0.0
2013-09,2013,9,0,0.0
2013-10,2013,10,0,1.0
2013-11,2013,11,0,11.0
2013-12,2013,12,2,17.0
2014-01,2014,1,3,29.0
2014-02,2014,2,4,35.0
2014-03,2014,3,872,3983.0
2014-04,2014,4,1224,6117.0
2014-05,2014,5,3,55.0
2014-06,2014,6,0,2.0
2014-07,2014,7,0,0.0
2014-08,2014,8,0,0.0
2014-09,2014,9,0,0.0
2014-10,2014,10,0,10.0
2014-11,2014,11,4,14.0
2014-12,2014,12,0,25.0
2015-01,2015,1,2,17.0
2015-02,2015,2,6,58.0
2015-03,2015,3,544,2368.0
2015-04,2015,4,458,1978.0
2015-05,2015,5,19,133.0
2015-06,2015,6,0,4.0
2015-07,2015,7,0,0.0
2015-08,2015,8,0,0.0
2015-09,2015,9,0,1.0
2015-10,2015,10,0,0.0
2015-11,2015,11,1,11.0
2015-12,2015,12,1,9.0
2016-01,2016,1,5,16.0
2016-02,2016,2,0,14.0
2016-03,2016,3,783,2432.0
2016-04,2016,4,708,2511.0
2016-05,2016,5,2,50.0
2016-06,2016,6,0,0.0
2016-07,2016,7,0,0.0
2016-08,2016,8,0,1.0
2016-09,2016,9,0,0.0
2016-10,2016,10,0,1.0
2016-11,2016,11,0,3.0
2016-12,2016,12,1,7.0
2017-01,2017,1,2,37.0
2017-02,2017,2,10,63.0
2017-03,2017,3,284,966.0
2017-04,2017,4,852,3180.0
2017-05,2017,5,12,79.0
2017-06,2017,6,0,0.0
2017-07,2017,7,0,0.0
2017-08,2017,8,0,0.0
2017-09,2017,9,0,0.0
2017-10,2017,10,0,1.0
2017-11,2017,11,0,5.0
2017-12,2017,12,3,8.0
2018-01,2018,1,2,19.0
2018-02,2018,2,7,38.0
2018-03,2018,3,1211,4313.0
2018-04,2018,4,606,1854.0
2018-05,2018,5,3,12.0
2018-06,2018,6,0,0.0
2018-07,2018,7,0,2.0
2018-08,2018,8,0,0.0
2018-09,2018,9,0,1.0
2018-10,2018,10,2,3.0
2018-11,2018,11,0,18.0
2018-12,2018,12,0,14.0
2019-01,2019,1,3,34.0
2019-02,2019,2,2,30.0
2019-03,2019,3,1465,4613.0
2019-04,2019,4,710,2908.0
2019-05,2019,5,3,29.0
2019-06,2019,6,0,1.0
2019-07,2019,7,0,0.0
2019-08,2019,8,0,0.0
2019-09,2019,9,0,0.0
2019-10,2019,10,0,4.0
2019-11,2019,11,1,10.0
2019-12,2019,12,2,9.0
2020-01,2020,1,0,20.0
2020-02,2020,2,4,38.0
2020-03,2020,3,1129,3714.0
2020-04,2020,4,1000,3341.0
2020-05,2020,5,20,105.0
2020-06,2020,6,0,9.0
2020-07,2020,7,0,0.0
2020-08,2020,8,0,0.0
2020-09,2020,9,0,1.0
2020-10,2020,10,0,3.0
2020-11,2020,11,2,14.0
2020-12,2020,12,3,21.0
2021-01,2021,1,15,55.0
2021-02,2021,2,4,60.0
2021-03,2021,3,770,3489.0
2021-04,2021,4,1230,4651.0
2021-05,2021,5,11,73.0
2021-06,2021,6,0,0.0
2021-07,2021,7,0,0.0
2021-08,2021,8,0,0.0
2021-09,2021,9,0,0.0
2021-10,2021,10,0,3.0
2021-11,2021,11,6,21.0
2021-12,2021,12,5,10.0
