month,year,month_num,modis,viirs,pred_linear,pred_log1p,naive_splice,harmonized_splice
2002-07,2002,7,0,,,,0.0,0.0
2002-08,2002,8,0,,,,0.0,0.0
2002-09,2002,9,0,,,,0.0,0.0
2002-10,2002,10,0,,,,0.0,0.0
2002-11,2002,11,0,,,,0.0,0.0
2002-12,2002,12,3,,,,3.0,3.0
2003-01,2003,1,1,,,,1.0,1.0
2003-02,2003,2,8,,,,8.0,8.0
2003-03,2003,3,1018,,,,1018.0,1018.0
2003-04,2003,4,1475,,,,1475.0,1475.0
2003-05,2003,5,3,,,,3.0,3.0
2003-06,2003,6,0,,,,0.0,0.0
2003-07,2003,7,0,,,,0.0,0.0
2003-08,2003,8,0,,,,0.0,0.0
2003-09,2003,9,0,,,,0.0,0.0
2003-10,2003,10,0,,,,0.0,0.0
2003-11,2003,11,0,,,,0.0,0.0
2003-12,2003,12,1,,,,1.0,1.0
2004-01,2004,1,2,,,,2.0,2.0
2004-02,2004,2,9,,,,9.0,9.0
2004-03,2004,3,1920,,,,1920.0,1920.0
2004-04,2004,4,480,,,,480.0,480.0
2004-05,2004,5,22,,,,22.0,22.0
2004-06,2004,6,0,,,,0.0,0.0
2004-07,2004,7,0,,,,0.0,0.0
2004-08,2004,8,0,,,,0.0,0.0
2004-09,2004,9,0,,,,0.0,0.0
2004-10,2004,10,0,,,,0.0,0.0
2004-11,2004,11,3,,,,3.0,3.0
2004-12,2004,12,3,,,,3.0,3.0
2005-01,2005,1,1,,,,1.0,1.0
2005-02,2005,2,15,,,,15.0,15.0
2005-03,2005,3,693,,,,693.0,693.0
2005-04,2005,4,2373,,,,2373.0,2373.0
2005-05,2005,5,2,,,,2.0,2.0
2005-06,2005,6,0,,,,0.0,0.0
2005-07,2005,7,0,,,,0.0,0.0
2005-08,2005,8,0,,,,0.0,0.0
2005-09,2005,9,0,,,,0.0,0.0
2005-10,2005,10,0,,,,0.0,0.0
2005-11,2005,11,1,,,,1.0,1.0
2005-12,2005,12,1,,,,1.0,1.0
2006-01,2006,1,6,,,,6.0,6.0
2006-02,2006,2,6,,,,6.0,6.0
2006-03,2006,3,1773,,,,1773.0,1773.0
2006-04,2006,4,982,,,,982.0,982.0
2006-05,2006,5,4,,,,4.0,4.0
2006-06,2006,6,0,,,,0.0,0.0
2006-07,2006,7,0,,,,0.0,0.0
2006-08,2006,8,0,,,,0.0,0.0
2006-09,2006,9,0,,,,0.0,0.0
2006-10,2006,10,0,,,,0.0,0.0
2006-11,2006,11,1,,,,1.0,1.0
2006-12,2006,12,4,,,,4.0,4.0
2007-01,2007,1,0,,,,0.0,0.0
2007-02,2007,2,17,,,,17.0,17.0
2007-03,2007,3,829,,,,829.0,829.0
2007-04,2007,4,2359,,,,2359.0,2359.0
2007-05,2007,5,60,,,,60.0,60.0
2007-06,2007,6,0,,,,0.0,0.0
2007-07,2007,7,0,,,,0.0,0.0
2007-08,2007,8,0,,,,0.0,0.0
2007-09,2007,9,0,,,,0.0,0.0
2007-10,2007,10,0,,,,0.0,0.0
2007-11,2007,11,0,,,,0.0,0.0
2007-12,2007,12,0,,,,0.0,0.0
2008-01,2008,1,0,,,,0.0,0.0
2008-02,2008,2,2,,,,2.0,2.0
2008-03,2008,3,941,,,,941.0,941.0
2008-04,2008,4,1469,,,,1469.0,1469.0
2008-05,2008,5,9,,,,9.0,9.0
2008-06,2008,6,0,,,,0.0,0.0
2008-07,2008,7,0,,,,0.0,0.0
2008-08,2008,8,0,,,,0.0,0.0
2008-09,2008,9,0,,,,0.0,0.0
2008-10,2008,10,0,,,,0.0,0.0
2008-11,2008,11,0,,,,0.0,0.0
2008-12,2008,12,0,,,,0.0,0.0
2009-01,2009,1,4,,,,4.0,4.0
2009-02,2009,2,10,,,,10.0,10.0
2009-03,2009,3,1334,,,,1334.0,1334.0
2009-04,2009,4,1525,,,,1525.0,1525.0
2009-05,2009,5,13,,,,13.0,13.0
2009-06,2009,6,0,,,,0.0,0.0
2009-07,2009,7,0,,,,0.0,0.0
2009-08,2009,8,0,,,,0.0,0.0
2009-09,2009,9,0,,,,0.0,0.0
2009-10,2009,10,0,,,,0.0,0.0
2009-11,2009,11,0,,,,0.0,0.0
2009-12,2009,12,1,,,,1.0,1.0
2010-01,2010,1,1,,,,1.0,1.0
2010-02,2010,2,8,,,,8.0,8.0
2010-03,2010,3,697,,,,697.0,697.0
2010-04,2010,4,1387,,,,1387.0,1387.0
2010-05,2010,5,11,,,,11.0,11.0
2010-06,2010,6,0,,,,0.0,0.0
2010-07,2010,7,0,,,,0.0,0.0
2010-08,2010,8,0,,,,0.0,0.0
2010-09,2010,9,0,,,,0.0,0.0
2010-10,2010,10,0,,,,0.0,0.0
2010-11,2010,11,0,,,,0.0,0.0
2010-12,2010,12,0,,,,0.0,0.0
2011-01,2011,1,2,,,,2.0,2.0
2011-02,2011,2,13,,,,13.0,13.0
2011-03,2011,3,370,,,,370.0,370.0
2011-04,2011,4,1726,,,,1726.0,1726.0
2011-05,2011,5,7,,,,7.0,7.0
2011-06,2011,6,0,,,,0.0,0.0
2011-07,2011,7,0,,,,0.0,0.0
2011-08,2011,8,0,,,,0.0,0.0
2011-09,2011,9,0,,,,0.0,0.0
2011-10,2011,10,0,,,,0.0,0.0
2011-11,2011,11,2,,,,2.0,2.0
2011-12,2011,12,4,,,,4.0,4.0
2012-01,2012,1,5,32.0,7.442867516577996,8.438265899034842,32.0,7.442867516577996
2012-02,2012,2,31,226.0,59.697528250823915,46.02862908669149,226.0,59.697528250823915
2012-03,2012,3,2018,5426.0,1460.3379190656628,660.2858816392874,5426.0,1460.3379190656628
2012-04,2012,4,701,2507.0,674.0938227601794,346.70563445888956,2507.0,674.0938227601794
2012-05,2012,5,3,38.0,9.058991044441273,9.847047794527995,38.0,9.058991044441273
2012-06,2012,6,0,0.0,0.0,0.0,0.0,0.0
2012-07,2012,7,0,1.0,0.0,0.0,1.0,0.0
2012-08,2012,8,0,0.0,0.0,0.0,0.0,0.0
2012-09,2012,9,0,0.0,0.0,0.0,0.0,0.0
2012-10,2012,10,1,2.0,0.0,0.2812461792062539,2.0,0.0
2012-11,2012,11,0,0.0,0.0,0.0,0.0,0.0
2012-12,2012,12,1,9.0,1.2477273264354385,2.4920453507884917,9.0,1.2477273264354385
2013-01,2013,1,8,22.0,4.749328303472536,5.987512185544986,22.0,4.749328303472536
2013-02,2013,2,14,87.0,22.257333188658023,20.361609760400878,87.0,22.257333188658023
2013-03,2013,3,1300,4811.0,1294.6852574596771,597.2589695146536,4811.0,1294.6852574596771
2013-04,2013,4,993,3872.0,1041.7619253490745,498.31602399130367,3872.0,1041.7619253490745
2013-05,2013,5,9,30.0,6.904159673956904,7.959424952105294,30.0,6.904159673956904
2013-06,2013,6,0,2.0,0.0,0.2812461792062539,2.0,0.0
2013-07,2013,7,0,0.0,0.0,0.0,0.0,0.0
2013-08,2013,8,0,0.0,0.0,0.0,0.0,0.0
2013-09,2013,9,0,0.0,0.0,0.0,0.0,0.0
2013-10,2013,10,0,1.0,0.0,0.0,1.0,0.0
2013-11,2013,11,0,11.0,1.7864351690565305,3.0646306626510684,11.0,1.7864351690565305
2013-12,2013,12,2,17.0,3.4025586969198063,4.697283439725398,17.0,3.4025586969198063
2014-01,2014,1,3,29.0,6.634805752646358,7.7180803057652305,29.0,6.634805752646358
2014-02,2014,2,4,35.0,8.250929280509634,9.147570541220627,35.0,8.250929280509634
2014-03,2014,3,872,3983.0,1071.6602106145451,510.2052933396095,3983.0,1071.6602106145451
2014-04,2014,4,1224,6117.0,1646.4614786912502,729.6940823676704,6117.0,1646.4614786912502
2014-05,2014,5,3,55.0,13.638007706720554,13.660949463321346,55.0,13.638007706720554
2014-06,2014,6,0,2.0,0.0,0.2812461792062539,2.0,0.0
2014-07,2014,7,0,0.0,0.0,0.0,0.0,0.0
2014-08,2014,8,0,0.0,0.0,0.0,0.0,0.0
2014-09,2014,9,0,0.0,0.0,0.0,0.0,0.0
2014-10,2014,10,0,10.0,1.5170812477459847,2.7805172006083305,10.0,1.5170812477459847
2014-11,2014,11,4,14.0,2.5944969329881684,3.8947060136679523,14.0,2.5944969329881684
2014-12,2014,12,0,25.0,5.5573900674041745,6.7386430798684644,25.0,5.5573900674041745
2015-01,2015,1,2,17.0,3.4025586969198063,4.697283439725398,17.0,3.4025586969198063
2015-02,2015,2,6,58.0,14.44606947065219,14.31215785139453,58.0,14.44606947065219
2015-03,2015,3,544,2368.0,636.6536276980135,330.58114912546733,2368.0,636.6536276980135
2015-04,2015,4,458,1978.0,531.6055983869005,284.45195553584927,1978.0,531.6055983869005
2015-05,2015,5,19,133.0,34.647613568943136,29.31932607224788,133.0,34.647613568943136
2015-06,2015,6,0,4.0,0.0,0.9605847593767194,4.0,0.0
2015-07,2015,7,0,0.0,0.0,0.0,0.0,0.0
2015-08,2015,8,0,0.0,0.0,0.0,0.0,0.0
2015-09,2015,9,0,1.0,0.0,0.0,1.0,0.0
2015-10,2015,10,0,0.0,0.0,0.0,0.0,0.0
2015-11,2015,11,1,11.0,1.7864351690565305,3.0646306626510684,11.0,1.7864351690565305
2015-12,2015,12,1,9.0,1.2477273264354385,2.4920453507884917,9.0,1.2477273264354385
2016-01,2016,1,5,16.0,3.1332047756092605,4.432441227780833,16.0,3.1332047756092605
2016-02,2016,2,0,14.0,2.5944969329881684,3.8947060136679523,14.0,2.5944969329881684
2016-03,2016,3,783,2432.0,653.8922786618884,338.02448302509265,2432.0,653.8922786618884
2016-04,2016,4,708,2511.0,675.1712384454215,347.16739935595285,2511.0,675.1712384454215
2016-05,2016,5,2,50.0,12.291238100167824,12.562383681371534,50.0,12.291238100167824
2016-06,2016,6,0,0.0,0.0,0.0,0.0,0.0
2016-07,2016,7,0,0.0,0.0,0.0,0.0,0.0
2016-08,2016,8,0,1.0,0.0,0.0,1.0,0.0
2016-09,2016,9,0,0.0,0.0,0.0,0.0,0.0
2016-10,2016,10,0,1.0,0.0,0.0,1.0,0.0
2016-11,2016,11,0,3.0,0.0,0.6280963366208792,3.0,0.0
2016-12,2016,12,1,7.0,0.7090194838143467,1.8998421087084907,7.0,0.7090194838143467
2017-01,2017,1,2,37.0,8.789637123130726,9.614923301007293,37.0,8.789637123130726
2017-02,2017,2,10,63.0,15.79283907720492,15.385402368501598,63.0,15.79283907720492
2017-03,2017,3,284,966.0,259.0194300206279,156.2243389187551,966.0,259.0194300206279
2017-04,2017,4,852,3180.0,855.3690118021768,422.82402681146516,3180.0,855.3690118021768
2017-05,2017,5,12,79.0,20.102501818173657,18.731615038588515,79.0,20.102501818173657
2017-06,2017,6,0,0.0,0.0,0.0,0.0,0.0
2017-07,2017,7,0,0.0,0.0,0.0,0.0,0.0
2017-08,2017,8,0,0.0,0.0,0.0,0.0,0.0
2017-09,2017,9,0,0.0,0.0,0.0,0.0,0.0
2017-10,2017,10,0,1.0,0.0,0.0,1.0,0.0
2017-11,2017,11,0,5.0,0.17031164119325481,1.2820588306190235,5.0,0.17031164119325481
2017-12,2017,12,3,8.0,0.9783734051248927,2.19870046339829,8.0,0.9783734051248927
2018-01,2018,1,2,19.0,3.941266539540899,5.2197671759114215,19.0,3.941266539540899
2018-02,2018,2,7,38.0,9.058991044441273,9.847047794527995,38.0,9.058991044441273
2018-03,2018,3,1211,4313.0,1160.5470046470252,545.2320523986456,4313.0,1160.5470046470252
2018-04,2018,4,606,1854.0,498.20571214439275,269.47685375740787,1854.0,498.20571214439275
2018-05,2018,5,3,12.0,2.0557890903670764,3.3448077434677037,12.0,2.0557890903670764
2018-06,2018,6,0,0.0,0.0,0.0,0.0,0.0
2018-07,2018,7,0,2.0,0.0,0.2812461792062539,2.0,0.0
2018-08,2018,8,0,0.0,0.0,0.0,0.0,0.0
2018-09,2018,9,0,1.0,0.0,0.0,1.0,0.0
2018-10,2018,10,2,3.0,0.0,0.6280963366208792,3.0,0.0
2018-11,2018,11,0,18.0,3.671912618230352,4.9596754209416485,18.0,3.671912618230352
2018-12,2018,12,0,14.0,2.5944969329881684,3.8947060136679523,14.0,2.5944969329881684
2019-01,2019,1,3,34.0,7.981575359199088,8.912275564748562,34.0,7.981575359199088
2019-02,2019,2,2,30.0,6.904159673956904,7.959424952105294,30.0,6.904159673956904
2019-03,2019,3,1465,4613.0,1241.3531810401892,576.6868401153954,4613.0,1241.3531810401892
2019-04,2019,4,710,2908.0,782.1047452057082,392.4203095665909,2908.0,782.1047452057082
2019-05,2019,5,3,29.0,6.634805752646358,7.7180803057652305,29.0,6.634805752646358
2019-06,2019,6,0,1.0,0.0,0.0,1.0,0.0
2019-07,2019,7,0,0.0,0.0,0.0,0.0,0.0
2019-08,2019,8,0,0.0,0.0,0.0,0.0,0.0
2019-09,2019,9,0,0.0,0.0,0.0,0.0,0.0
2019-10,2019,10,0,4.0,0.0,0.9605847593767194,4.0,0.0
2019-11,2019,11,1,10.0,1.5170812477459847,2.7805172006083305,10.0,1.5170812477459847
2019-12,2019,12,2,9.0,1.2477273264354385,2.4920453507884917,9.0,1.2477273264354385
2020-01,2020,1,0,20.0,4.210620460851445,5.4776925016039755,20.0,4.210620460851445
2020-02,2020,2,4,38.0,9.058991044441273,9.847047794527995,38.0,9.058991044441273
2020-03,2020,3,1129,3714.0,999.2040057820084,481.29356100725107,3714.0,999.2040057820084
2020-04,2020,4,1000,3341.0,898.7349931331746,440.6140340862712,3341.0,898.7349931331746
2020-05,2020,5,20,105.0,27.105703772247853,23.942649567380844,105.0,27.105703772247853
2020-06,2020,6,0,9.0,1.2477273264354385,2.4920453507884917,9.0,1.2477273264354385
2020-07,2020,7,0,0.0,0.0,0.0,0.0,0.0
2020-08,2020,8,0,0.0,0.0,0.0,0.0,0.0
2020-09,2020,9,0,1.0,0.0,0.0,1.0,0.0
2020-10,2020,10,0,3.0,0.0,0.6280963366208792,3.0,0.0
2020-11,2020,11,2,14.0,2.5944969329881684,3.8947060136679523,14.0,2.5944969329881684
2020-12,2020,12,3,21.0,4.47997438216199,5.733571425984738,21.0,4.47997438216199
2021-01,2021,1,15,55.0,13.638007706720554,13.660949463321346,55.0,13.638007706720554
2021-02,2021,2,4,60.0,14.984777313273284,14.743212559994003,60.0,14.984777313273284
2021-03,2021,3,770,3489.0,938.5993734871354,456.84143447954017,3489.0,938.5993734871354
2021-04,2021,4,1230,4651.0,1251.58863004999,580.6462904475603,4651.0,1251.58863004999
2021-05,2021,5,11,73.0,18.48637829031038,17.491232771466265,73.0,18.48637829031038
2021-06,2021,6,0,0.0,0.0,0.0,0.0,0.0
2021-07,2021,7,0,0.0,0.0,0.0,0.0,0.0
2021-08,2021,8,0,0.0,0.0,0.0,0.0,0.0
2021-09,2021,9,0,0.0,0.0,0.0,0.0,0.0
2021-10,2021,10,0,3.0,0.0,0.6280963366208792,3.0,0.0
2021-11,2021,11,6,21.0,4.47997438216199,5.733571425984738,21.0,4.47997438216199
2021-12,2021,12,5,10.0,1.5170812477459847,2.7805172006083305,10.0,1.5170812477459847
